Project,Link,Category,Materials,Tools
Drawbots,<a href='http://www.instructables.com/id/Drawbot-in-5-Minutes/'>DrawBot</a>,Electronics,"Color Markers
Vibration motor
Cup
Coin cell 3V
Coin cell holder
Tape",
Paper Circuits,<a href='https://makezine.com/projects/simple-paper-circuit/'>Paper Circuits</a>,Electronics,"Paper, conductive metal tape, LED, coin cell battery","scissors, permanent marker"
Homopolar Motors,<a href='http://www.instructables.com/id/How-To-Make-A-HomoPolar-Motor/'>Motor</a>,Electronics,"neodymium magnet, copper wire, AA battery",wire cutters
Wooden Spoon,<a href='http://www.instructables.com/id/DIY-Hand-carved-wooden-spoons/'>Spoons</a>,woodworking,wood,"carving knife, spoon gouge, sandpaper, pencil"
Wooden Chopsticks,<a href='http://www.instructables.com/id/Scrap-Wood-Chopsticks-Recycling-scrap-hardwood/'>Chopsticks</a> ,woodworking,wood,"knife, sandpaper, pencil"
Mod-Podged Picture on Wood,<a href='https://www.homedit.com/mod-podge-photo-transfer/'>Picture</a>,Crafts,"wood, mod podge, printed picture",
Book Safe,<a href='https://lifehacker.com/make-a-secret-compartment-book-for-hiding-valuables-1788560364'>Book Safe</a>,Crafts,"book, mod podge",x-acto knife
Music LED Box,<a href='http://www.circuitbasics.com/arduino-thermistor-temperature-sensor-tutorial/'>Music LED box</a>,Electronics,"12 V battery, 3.5 jack headphone cable, tip31 transistor, 5mm LEDs, Electrical Wire",soldering tool
Theremin,<a href='http://yurisuzuki.com/archive/works/three-radio-theremin/'>Theremin</a>,Electronics,3 old radios,
